time,envcfg:com.sleepycat.je.util.ConsoleHandler.level,envcfg:com.sleepycat.je.util.FileHandler.level,envcfg:je.adler32.chunkSize,envcfg:je.checkpointer.bytesInterval,envcfg:je.checkpointer.deadlockRetry,envcfg:je.checkpointer.highPriority,envcfg:je.checkpointer.wakeupInterval,envcfg:je.cleaner.adjustUtilization,envcfg:je.cleaner.backgroundProactiveMigration,envcfg:je.cleaner.bytesInterval,envcfg:je.cleaner.calc.initialAdjustments,envcfg:je.cleaner.calc.maxProbeSkipFiles,envcfg:je.cleaner.calc.minProbeSkipFiles,envcfg:je.cleaner.calc.minUncountedLNs,envcfg:je.cleaner.cluster,envcfg:je.cleaner.clusterAll,envcfg:je.cleaner.deadlockRetry,envcfg:je.cleaner.detailMaxMemoryPercentage,envcfg:je.cleaner.expunge,envcfg:je.cleaner.fetchObsoleteSize,envcfg:je.cleaner.forceCleanFiles,envcfg:je.cleaner.foregroundProactiveMigration,envcfg:je.cleaner.lazyMigration,envcfg:je.cleaner.lockTimeout,envcfg:je.cleaner.lookAheadCacheSize,envcfg:je.cleaner.maxBatchFiles,envcfg:je.cleaner.minAge,envcfg:je.cleaner.minFileUtilization,envcfg:je.cleaner.minFilesToDelete,envcfg:je.cleaner.minUtilization,envcfg:je.cleaner.readSize,envcfg:je.cleaner.restartRetries,envcfg:je.cleaner.retries,envcfg:je.cleaner.rmwFix,envcfg:je.cleaner.threads,envcfg:je.cleaner.trackDetail,envcfg:je.cleaner.upgradeToLogVersion,envcfg:je.cleaner.useDeletedDir,envcfg:je.compressor.deadlockRetry,envcfg:je.compressor.lockTimeout,envcfg:je.compressor.wakeupInterval,envcfg:je.deferredWrite.temp,envcfg:je.env.backgroundReadLimit,envcfg:je.env.backgroundSleepInterval,envcfg:je.env.backgroundWriteLimit,envcfg:je.env.checkLeaks,envcfg:je.env.comparatorsRequired,envcfg:je.env.dbCacheClearCount,envcfg:je.env.dbEviction,envcfg:je.env.diskOrderedScanLockTimeout,envcfg:je.env.dupConvertPreloadAll,envcfg:je.env.fairLatches,envcfg:je.env.forcedYield,envcfg:je.env.isLocking,envcfg:je.env.isReadOnly,envcfg:je.env.isTransactional,envcfg:je.env.latchTimeout,envcfg:je.env.logTrace,envcfg:je.env.recovery,envcfg:je.env.recoveryForceCheckpoint,envcfg:je.env.recoveryForceNewFile,envcfg:je.env.runCheckpointer,envcfg:je.env.runCleaner,envcfg:je.env.runEvictor,envcfg:je.env.runINCompressor,envcfg:je.env.runOffHeapEvictor,envcfg:je.env.setupLogger,envcfg:je.env.sharedLatches,envcfg:je.env.startupThreshold,envcfg:je.env.terminateTimeout,envcfg:je.evictor.allowBinDeltas,envcfg:je.evictor.coreThreads,envcfg:je.evictor.criticalPercentage,envcfg:je.evictor.deadlockRetry,envcfg:je.evictor.evictBytes,envcfg:je.evictor.evictionBatchPercentage,envcfg:je.evictor.forcedYield,envcfg:je.evictor.keepAlive,envcfg:je.evictor.lruOnly,envcfg:je.evictor.maxThreads,envcfg:je.evictor.mutateBins,envcfg:je.evictor.nLRULists,envcfg:je.evictor.nodeScanPercentage,envcfg:je.evictor.nodesPerScan,envcfg:je.evictor.useDirtyLRU,envcfg:je.evictor.useMemoryFloor,envcfg:je.evictor.wakeupInterval,envcfg:je.haltOnCommitAfterChecksumException,envcfg:je.lock.nLockTables,envcfg:je.lock.oldLockExceptions,envcfg:je.lock.timeout,envcfg:je.log.bufferSize,envcfg:je.log.checksumRead,envcfg:je.log.chunkedNIO,envcfg:je.log.directNIO,envcfg:je.log.faultReadSize,envcfg:je.log.fileCacheSize,envcfg:je.log.fileMax,envcfg:je.log.fileWarmUpReadSize,envcfg:je.log.fileWarmUpSize,envcfg:je.log.fsyncTimeout,envcfg:je.log.groupCommitInterval,envcfg:je.log.groupCommitThreshold,envcfg:je.log.iteratorMaxSize,envcfg:je.log.iteratorReadSize,envcfg:je.log.memOnly,envcfg:je.log.nDataDirectories,envcfg:je.log.numBuffers,envcfg:je.log.totalBufferBytes,envcfg:je.log.useNIO,envcfg:je.log.useODSYNC,envcfg:je.log.useWriteQueue,envcfg:je.log.verifyChecksums,envcfg:je.log.writeQueueSize,envcfg:je.maxMemory,envcfg:je.maxMemoryPercent,envcfg:je.maxOffHeapMemory,envcfg:je.nodeDupTreeMaxEntries,envcfg:je.nodeMaxEntries,envcfg:je.offHeap.checksum,envcfg:je.offHeap.coreThreads,envcfg:je.offHeap.evictBytes,envcfg:je.offHeap.keepAlive,envcfg:je.offHeap.maxThreads,envcfg:je.sharedCache,envcfg:je.stats.collect,envcfg:je.stats.collect.interval,envcfg:je.stats.file.directory,envcfg:je.stats.file.row.count,envcfg:je.stats.max.files,envcfg:je.tree.binDelta,envcfg:je.tree.binDeltaBlindOps,envcfg:je.tree.binDeltaBlindPuts,envcfg:je.tree.compactMaxKeyLength,envcfg:je.tree.maxDelta,envcfg:je.tree.maxEmbeddedLN,envcfg:je.tree.minMemory,envcfg:je.txn.deadlockStackTrace,envcfg:je.txn.dumpLocks,envcfg:je.txn.durability,envcfg:je.txn.serializableIsolation,envcfg:je.txn.timeout,java:args,java:maxMemory,java:minMemory,java:vendor,java:version,je:version,mc:arch,mc:processors,os:name,os:version
2019-03-28 15:40:11.709 UTC,"OFF","INFO","0","20000000","3","false","0","false","false","0","5","20","5","1000","false","false","3","2","true","false","","false","false","500 ms","8192","0","2","5","5","50","0","5","10","true","1","true","0","false","3","500 ms","5 s","false","0","1 ms","0","true","false","100","true","10 seconds","true","false","false","true","false","false","5 min","true","true","false","false","true","true","true","true","true","false","true","5 min","10 s","true","1","0","3","524288","10","false","10 min","true","10","true","4","10","10","true","95","5 s","false","1","false","500 ms","1048576","true","0","false","2048","100","10000000","10485760","0","500 ms","0 ns","0","16777216","8192","false","0","3","0","false","false","true","false","1048576","0","60","0","128","128","false","1","52428800","10 min","3","false","true","1 min","","1440","10","25","true","true","16","10","16","512000","false","false","null","false","0"," -Dfile.encoding=UTF-8","1908932608","134217728","Oracle Corporation","1.8.0_131","6.4.25","x86_64","8","Mac OS X","10.13.6"
2019-03-28 15:51:19.155 UTC,"OFF","INFO","0","20000000","3","false","0","false","false","0","5","20","5","1000","false","false","3","2","true","false","","false","false","500 ms","8192","0","2","5","5","50","0","5","10","true","1","true","0","false","3","500 ms","5 s","false","0","1 ms","0","true","false","100","true","10 seconds","true","false","false","true","false","false","5 min","true","true","false","false","true","true","true","true","true","false","true","5 min","10 s","true","1","0","3","524288","10","false","10 min","true","10","true","4","10","10","true","95","5 s","false","1","false","500 ms","1048576","true","0","false","2048","100","10000000","10485760","0","500 ms","0 ns","0","16777216","8192","false","0","3","0","false","false","true","false","1048576","0","60","0","128","128","false","1","52428800","10 min","3","false","true","1 min","","1440","10","25","true","true","16","10","16","512000","false","false","null","false","0"," -agentlib:jdwp=transport=dt_socket,address=127.0.0.1:64503,suspend=y,server=n -Dfile.encoding=UTF-8","1908932608","134217728","Oracle Corporation","1.8.0_131","6.4.25","x86_64","8","Mac OS X","10.13.6"
2019-03-28 15:51:28.201 UTC,"OFF","INFO","0","20000000","3","false","0","false","false","0","5","20","5","1000","false","false","3","2","true","false","","false","false","500 ms","8192","0","2","5","5","50","0","5","10","true","1","true","0","false","3","500 ms","5 s","false","0","1 ms","0","true","false","100","true","10 seconds","true","false","false","true","false","false","5 min","true","true","false","false","true","true","true","true","true","false","true","5 min","10 s","true","1","0","3","524288","10","false","10 min","true","10","true","4","10","10","true","95","5 s","false","1","false","500 ms","1048576","true","0","false","2048","100","10000000","10485760","0","500 ms","0 ns","0","16777216","8192","false","0","3","0","false","false","true","false","1048576","0","60","0","128","128","false","1","52428800","10 min","3","false","true","1 min","","1440","10","25","true","true","16","10","16","512000","false","false","null","false","0"," -agentlib:jdwp=transport=dt_socket,address=127.0.0.1:64509,suspend=y,server=n -Dfile.encoding=UTF-8","1908932608","134217728","Oracle Corporation","1.8.0_131","6.4.25","x86_64","8","Mac OS X","10.13.6"
2019-03-28 15:51:36.091 UTC,"OFF","INFO","0","20000000","3","false","0","false","false","0","5","20","5","1000","false","false","3","2","true","false","","false","false","500 ms","8192","0","2","5","5","50","0","5","10","true","1","true","0","false","3","500 ms","5 s","false","0","1 ms","0","true","false","100","true","10 seconds","true","false","false","true","false","false","5 min","true","true","false","false","true","true","true","true","true","false","true","5 min","10 s","true","1","0","3","524288","10","false","10 min","true","10","true","4","10","10","true","95","5 s","false","1","false","500 ms","1048576","true","0","false","2048","100","10000000","10485760","0","500 ms","0 ns","0","16777216","8192","false","0","3","0","false","false","true","false","1048576","0","60","0","128","128","false","1","52428800","10 min","3","false","true","1 min","","1440","10","25","true","true","16","10","16","512000","false","false","null","false","0"," -agentlib:jdwp=transport=dt_socket,address=127.0.0.1:64515,suspend=y,server=n -Dfile.encoding=UTF-8","1908932608","134217728","Oracle Corporation","1.8.0_131","6.4.25","x86_64","8","Mac OS X","10.13.6"
2019-03-28 15:52:20.001 UTC,"OFF","INFO","0","20000000","3","false","0","false","false","0","5","20","5","1000","false","false","3","2","true","false","","false","false","500 ms","8192","0","2","5","5","50","0","5","10","true","1","true","0","false","3","500 ms","5 s","false","0","1 ms","0","true","false","100","true","10 seconds","true","false","false","true","false","false","5 min","true","true","false","false","true","true","true","true","true","false","true","5 min","10 s","true","1","0","3","524288","10","false","10 min","true","10","true","4","10","10","true","95","5 s","false","1","false","500 ms","1048576","true","0","false","2048","100","10000000","10485760","0","500 ms","0 ns","0","16777216","8192","false","0","3","0","false","false","true","false","1048576","0","60","0","128","128","false","1","52428800","10 min","3","false","true","1 min","","1440","10","25","true","true","16","10","16","512000","false","false","null","false","0"," -agentlib:jdwp=transport=dt_socket,address=127.0.0.1:64535,suspend=y,server=n -Dfile.encoding=UTF-8","1908932608","134217728","Oracle Corporation","1.8.0_131","6.4.25","x86_64","8","Mac OS X","10.13.6"
2019-03-28 15:59:19.963 UTC,"OFF","INFO","0","20000000","3","false","0","false","false","0","5","20","5","1000","false","false","3","2","true","false","","false","false","500 ms","8192","0","2","5","5","50","0","5","10","true","1","true","0","false","3","500 ms","5 s","false","0","1 ms","0","true","false","100","true","10 seconds","true","false","false","true","false","false","5 min","true","true","false","false","true","true","true","true","true","false","true","5 min","10 s","true","1","0","3","524288","10","false","10 min","true","10","true","4","10","10","true","95","5 s","false","1","false","500 ms","1048576","true","0","false","2048","100","10000000","10485760","0","500 ms","0 ns","0","16777216","8192","false","0","3","0","false","false","true","false","1048576","0","60","0","128","128","false","1","52428800","10 min","3","false","true","1 min","","1440","10","25","true","true","16","10","16","512000","false","false","null","false","0"," -Dfile.encoding=UTF-8","1908932608","134217728","Oracle Corporation","1.8.0_131","6.4.25","x86_64","8","Mac OS X","10.13.6"
2019-03-28 16:00:28.559 UTC,"OFF","INFO","0","20000000","3","false","0","false","false","0","5","20","5","1000","false","false","3","2","true","false","","false","false","500 ms","8192","0","2","5","5","50","0","5","10","true","1","true","0","false","3","500 ms","5 s","false","0","1 ms","0","true","false","100","true","10 seconds","true","false","false","true","false","false","5 min","true","true","false","false","true","true","true","true","true","false","true","5 min","10 s","true","1","0","3","524288","10","false","10 min","true","10","true","4","10","10","true","95","5 s","false","1","false","500 ms","1048576","true","0","false","2048","100","10000000","10485760","0","500 ms","0 ns","0","16777216","8192","false","0","3","0","false","false","true","false","1048576","0","60","0","128","128","false","1","52428800","10 min","3","false","true","1 min","","1440","10","25","true","true","16","10","16","512000","false","false","null","false","0"," -agentlib:jdwp=transport=dt_socket,address=127.0.0.1:64618,suspend=y,server=n -Dfile.encoding=UTF-8","1908932608","134217728","Oracle Corporation","1.8.0_131","6.4.25","x86_64","8","Mac OS X","10.13.6"
2019-03-28 16:01:13.566 UTC,"OFF","INFO","0","20000000","3","false","0","false","false","0","5","20","5","1000","false","false","3","2","true","false","","false","false","500 ms","8192","0","2","5","5","50","0","5","10","true","1","true","0","false","3","500 ms","5 s","false","0","1 ms","0","true","false","100","true","10 seconds","true","false","false","true","false","false","5 min","true","true","false","false","true","true","true","true","true","false","true","5 min","10 s","true","1","0","3","524288","10","false","10 min","true","10","true","4","10","10","true","95","5 s","false","1","false","500 ms","1048576","true","0","false","2048","100","10000000","10485760","0","500 ms","0 ns","0","16777216","8192","false","0","3","0","false","false","true","false","1048576","0","60","0","128","128","false","1","52428800","10 min","3","false","true","1 min","","1440","10","25","true","true","16","10","16","512000","false","false","null","false","0"," -Dfile.encoding=UTF-8","1908932608","134217728","Oracle Corporation","1.8.0_131","6.4.25","x86_64","8","Mac OS X","10.13.6"
2019-03-28 16:02:47.364 UTC,"OFF","INFO","0","20000000","3","false","0","false","false","0","5","20","5","1000","false","false","3","2","true","false","","false","false","500 ms","8192","0","2","5","5","50","0","5","10","true","1","true","0","false","3","500 ms","5 s","false","0","1 ms","0","true","false","100","true","10 seconds","true","false","false","true","false","false","5 min","true","true","false","false","true","true","true","true","true","false","true","5 min","10 s","true","1","0","3","524288","10","false","10 min","true","10","true","4","10","10","true","95","5 s","false","1","false","500 ms","1048576","true","0","false","2048","100","10000000","10485760","0","500 ms","0 ns","0","16777216","8192","false","0","3","0","false","false","true","false","1048576","0","60","0","128","128","false","1","52428800","10 min","3","false","true","1 min","","1440","10","25","true","true","16","10","16","512000","false","false","null","false","0"," -agentlib:jdwp=transport=dt_socket,address=127.0.0.1:64645,suspend=y,server=n -Dfile.encoding=UTF-8","1908932608","134217728","Oracle Corporation","1.8.0_131","6.4.25","x86_64","8","Mac OS X","10.13.6"
2019-03-28 16:04:13.799 UTC,"OFF","INFO","0","20000000","3","false","0","false","false","0","5","20","5","1000","false","false","3","2","true","false","","false","false","500 ms","8192","0","2","5","5","50","0","5","10","true","1","true","0","false","3","500 ms","5 s","false","0","1 ms","0","true","false","100","true","10 seconds","true","false","false","true","false","false","5 min","true","true","false","false","true","true","true","true","true","false","true","5 min","10 s","true","1","0","3","524288","10","false","10 min","true","10","true","4","10","10","true","95","5 s","false","1","false","500 ms","1048576","true","0","false","2048","100","10000000","10485760","0","500 ms","0 ns","0","16777216","8192","false","0","3","0","false","false","true","false","1048576","0","60","0","128","128","false","1","52428800","10 min","3","false","true","1 min","","1440","10","25","true","true","16","10","16","512000","false","false","null","false","0"," -Dfile.encoding=UTF-8","1908932608","134217728","Oracle Corporation","1.8.0_131","6.4.25","x86_64","8","Mac OS X","10.13.6"
2019-03-28 18:22:30.752 UTC,"OFF","INFO","0","20000000","3","false","0","false","false","0","5","20","5","1000","false","false","3","2","true","false","","false","false","500 ms","8192","0","2","5","5","50","0","5","10","true","1","true","0","false","3","500 ms","5 s","false","0","1 ms","0","true","false","100","true","10 seconds","true","false","false","true","false","false","5 min","true","true","false","false","true","true","true","true","true","false","true","5 min","10 s","true","1","0","3","524288","10","false","10 min","true","10","true","4","10","10","true","95","5 s","false","1","false","500 ms","1048576","true","0","false","2048","100","10000000","10485760","0","500 ms","0 ns","0","16777216","8192","false","0","3","0","false","false","true","false","1048576","0","60","0","128","128","false","1","52428800","10 min","3","false","true","1 min","","1440","10","25","true","true","16","10","16","512000","false","false","null","false","0"," -agentlib:jdwp=transport=dt_socket,address=127.0.0.1:50448,suspend=y,server=n -Dfile.encoding=UTF-8","1908932608","134217728","Oracle Corporation","1.8.0_131","6.4.25","x86_64","8","Mac OS X","10.13.6"
2019-03-28 18:23:41.928 UTC,"OFF","INFO","0","20000000","3","false","0","false","false","0","5","20","5","1000","false","false","3","2","true","false","","false","false","500 ms","8192","0","2","5","5","50","0","5","10","true","1","true","0","false","3","500 ms","5 s","false","0","1 ms","0","true","false","100","true","10 seconds","true","false","false","true","false","false","5 min","true","true","false","false","true","true","true","true","true","false","true","5 min","10 s","true","1","0","3","524288","10","false","10 min","true","10","true","4","10","10","true","95","5 s","false","1","false","500 ms","1048576","true","0","false","2048","100","10000000","10485760","0","500 ms","0 ns","0","16777216","8192","false","0","3","0","false","false","true","false","1048576","0","60","0","128","128","false","1","52428800","10 min","3","false","true","1 min","","1440","10","25","true","true","16","10","16","512000","false","false","null","false","0"," -Dfile.encoding=UTF-8","1908932608","134217728","Oracle Corporation","1.8.0_131","6.4.25","x86_64","8","Mac OS X","10.13.6"
2019-03-28 18:24:37.046 UTC,"OFF","INFO","0","20000000","3","false","0","false","false","0","5","20","5","1000","false","false","3","2","true","false","","false","false","500 ms","8192","0","2","5","5","50","0","5","10","true","1","true","0","false","3","500 ms","5 s","false","0","1 ms","0","true","false","100","true","10 seconds","true","false","false","true","false","false","5 min","true","true","false","false","true","true","true","true","true","false","true","5 min","10 s","true","1","0","3","524288","10","false","10 min","true","10","true","4","10","10","true","95","5 s","false","1","false","500 ms","1048576","true","0","false","2048","100","10000000","10485760","0","500 ms","0 ns","0","16777216","8192","false","0","3","0","false","false","true","false","1048576","0","60","0","128","128","false","1","52428800","10 min","3","false","true","1 min","","1440","10","25","true","true","16","10","16","512000","false","false","null","false","0"," -agentlib:jdwp=transport=dt_socket,address=127.0.0.1:50502,suspend=y,server=n -Dfile.encoding=UTF-8","1908932608","134217728","Oracle Corporation","1.8.0_131","6.4.25","x86_64","8","Mac OS X","10.13.6"
2019-03-28 18:34:03.023 UTC,"OFF","INFO","0","20000000","3","false","0","false","false","0","5","20","5","1000","false","false","3","2","true","false","","false","false","500 ms","8192","0","2","5","5","50","0","5","10","true","1","true","0","false","3","500 ms","5 s","false","0","1 ms","0","true","false","100","true","10 seconds","true","false","false","true","false","false","5 min","true","true","false","false","true","true","true","true","true","false","true","5 min","10 s","true","1","0","3","524288","10","false","10 min","true","10","true","4","10","10","true","95","5 s","false","1","false","500 ms","1048576","true","0","false","2048","100","10000000","10485760","0","500 ms","0 ns","0","16777216","8192","false","0","3","0","false","false","true","false","1048576","0","60","0","128","128","false","1","52428800","10 min","3","false","true","1 min","","1440","10","25","true","true","16","10","16","512000","false","false","null","false","0"," -Dfile.encoding=UTF-8","1908932608","134217728","Oracle Corporation","1.8.0_131","6.4.25","x86_64","8","Mac OS X","10.13.6"
2019-03-28 18:34:23.946 UTC,"OFF","INFO","0","20000000","3","false","0","false","false","0","5","20","5","1000","false","false","3","2","true","false","","false","false","500 ms","8192","0","2","5","5","50","0","5","10","true","1","true","0","false","3","500 ms","5 s","false","0","1 ms","0","true","false","100","true","10 seconds","true","false","false","true","false","false","5 min","true","true","false","false","true","true","true","true","true","false","true","5 min","10 s","true","1","0","3","524288","10","false","10 min","true","10","true","4","10","10","true","95","5 s","false","1","false","500 ms","1048576","true","0","false","2048","100","10000000","10485760","0","500 ms","0 ns","0","16777216","8192","false","0","3","0","false","false","true","false","1048576","0","60","0","128","128","false","1","52428800","10 min","3","false","true","1 min","","1440","10","25","true","true","16","10","16","512000","false","false","null","false","0"," -agentlib:jdwp=transport=dt_socket,address=127.0.0.1:50664,suspend=y,server=n -Dfile.encoding=UTF-8","1908932608","134217728","Oracle Corporation","1.8.0_131","6.4.25","x86_64","8","Mac OS X","10.13.6"
2019-03-28 18:35:50.351 UTC,"OFF","INFO","0","20000000","3","false","0","false","false","0","5","20","5","1000","false","false","3","2","true","false","","false","false","500 ms","8192","0","2","5","5","50","0","5","10","true","1","true","0","false","3","500 ms","5 s","false","0","1 ms","0","true","false","100","true","10 seconds","true","false","false","true","false","false","5 min","true","true","false","false","true","true","true","true","true","false","true","5 min","10 s","true","1","0","3","524288","10","false","10 min","true","10","true","4","10","10","true","95","5 s","false","1","false","500 ms","1048576","true","0","false","2048","100","10000000","10485760","0","500 ms","0 ns","0","16777216","8192","false","0","3","0","false","false","true","false","1048576","0","60","0","128","128","false","1","52428800","10 min","3","false","true","1 min","","1440","10","25","true","true","16","10","16","512000","false","false","null","false","0"," -agentlib:jdwp=transport=dt_socket,address=127.0.0.1:50681,suspend=y,server=n -Dfile.encoding=UTF-8","1908932608","134217728","Oracle Corporation","1.8.0_131","6.4.25","x86_64","8","Mac OS X","10.13.6"
2019-03-28 18:38:54.100 UTC,"OFF","INFO","0","20000000","3","false","0","false","false","0","5","20","5","1000","false","false","3","2","true","false","","false","false","500 ms","8192","0","2","5","5","50","0","5","10","true","1","true","0","false","3","500 ms","5 s","false","0","1 ms","0","true","false","100","true","10 seconds","true","false","false","true","false","false","5 min","true","true","false","false","true","true","true","true","true","false","true","5 min","10 s","true","1","0","3","524288","10","false","10 min","true","10","true","4","10","10","true","95","5 s","false","1","false","500 ms","1048576","true","0","false","2048","100","10000000","10485760","0","500 ms","0 ns","0","16777216","8192","false","0","3","0","false","false","true","false","1048576","0","60","0","128","128","false","1","52428800","10 min","3","false","true","1 min","","1440","10","25","true","true","16","10","16","512000","false","false","null","false","0"," -agentlib:jdwp=transport=dt_socket,address=127.0.0.1:50759,suspend=y,server=n -Dfile.encoding=UTF-8","1908932608","134217728","Oracle Corporation","1.8.0_131","6.4.25","x86_64","8","Mac OS X","10.13.6"
2019-03-28 18:40:13.573 UTC,"OFF","INFO","0","20000000","3","false","0","false","false","0","5","20","5","1000","false","false","3","2","true","false","","false","false","500 ms","8192","0","2","5","5","50","0","5","10","true","1","true","0","false","3","500 ms","5 s","false","0","1 ms","0","true","false","100","true","10 seconds","true","false","false","true","false","false","5 min","true","true","false","false","true","true","true","true","true","false","true","5 min","10 s","true","1","0","3","524288","10","false","10 min","true","10","true","4","10","10","true","95","5 s","false","1","false","500 ms","1048576","true","0","false","2048","100","10000000","10485760","0","500 ms","0 ns","0","16777216","8192","false","0","3","0","false","false","true","false","1048576","0","60","0","128","128","false","1","52428800","10 min","3","false","true","1 min","","1440","10","25","true","true","16","10","16","512000","false","false","null","false","0"," -agentlib:jdwp=transport=dt_socket,address=127.0.0.1:50776,suspend=y,server=n -Dfile.encoding=UTF-8","1908932608","134217728","Oracle Corporation","1.8.0_131","6.4.25","x86_64","8","Mac OS X","10.13.6"
2019-03-28 18:41:02.852 UTC,"OFF","INFO","0","20000000","3","false","0","false","false","0","5","20","5","1000","false","false","3","2","true","false","","false","false","500 ms","8192","0","2","5","5","50","0","5","10","true","1","true","0","false","3","500 ms","5 s","false","0","1 ms","0","true","false","100","true","10 seconds","true","false","false","true","false","false","5 min","true","true","false","false","true","true","true","true","true","false","true","5 min","10 s","true","1","0","3","524288","10","false","10 min","true","10","true","4","10","10","true","95","5 s","false","1","false","500 ms","1048576","true","0","false","2048","100","10000000","10485760","0","500 ms","0 ns","0","16777216","8192","false","0","3","0","false","false","true","false","1048576","0","60","0","128","128","false","1","52428800","10 min","3","false","true","1 min","","1440","10","25","true","true","16","10","16","512000","false","false","null","false","0"," -Dfile.encoding=UTF-8","1908932608","134217728","Oracle Corporation","1.8.0_131","6.4.25","x86_64","8","Mac OS X","10.13.6"
2019-03-28 18:41:05.994 UTC,"OFF","INFO","0","20000000","3","false","0","false","false","0","5","20","5","1000","false","false","3","2","true","false","","false","false","500 ms","8192","0","2","5","5","50","0","5","10","true","1","true","0","false","3","500 ms","5 s","false","0","1 ms","0","true","false","100","true","10 seconds","true","false","false","true","false","false","5 min","true","true","false","false","true","true","true","true","true","false","true","5 min","10 s","true","1","0","3","524288","10","false","10 min","true","10","true","4","10","10","true","95","5 s","false","1","false","500 ms","1048576","true","0","false","2048","100","10000000","10485760","0","500 ms","0 ns","0","16777216","8192","false","0","3","0","false","false","true","false","1048576","0","60","0","128","128","false","1","52428800","10 min","3","false","true","1 min","","1440","10","25","true","true","16","10","16","512000","false","false","null","false","0"," -agentlib:jdwp=transport=dt_socket,address=127.0.0.1:50790,suspend=y,server=n -Dfile.encoding=UTF-8","1908932608","134217728","Oracle Corporation","1.8.0_131","6.4.25","x86_64","8","Mac OS X","10.13.6"
2019-03-28 18:41:29.646 UTC,"OFF","INFO","0","20000000","3","false","0","false","false","0","5","20","5","1000","false","false","3","2","true","false","","false","false","500 ms","8192","0","2","5","5","50","0","5","10","true","1","true","0","false","3","500 ms","5 s","false","0","1 ms","0","true","false","100","true","10 seconds","true","false","false","true","false","false","5 min","true","true","false","false","true","true","true","true","true","false","true","5 min","10 s","true","1","0","3","524288","10","false","10 min","true","10","true","4","10","10","true","95","5 s","false","1","false","500 ms","1048576","true","0","false","2048","100","10000000","10485760","0","500 ms","0 ns","0","16777216","8192","false","0","3","0","false","false","true","false","1048576","0","60","0","128","128","false","1","52428800","10 min","3","false","true","1 min","","1440","10","25","true","true","16","10","16","512000","false","false","null","false","0"," -agentlib:jdwp=transport=dt_socket,address=127.0.0.1:50808,suspend=y,server=n -Dfile.encoding=UTF-8","1908932608","134217728","Oracle Corporation","1.8.0_131","6.4.25","x86_64","8","Mac OS X","10.13.6"
2019-03-28 18:42:40.040 UTC,"OFF","INFO","0","20000000","3","false","0","false","false","0","5","20","5","1000","false","false","3","2","true","false","","false","false","500 ms","8192","0","2","5","5","50","0","5","10","true","1","true","0","false","3","500 ms","5 s","false","0","1 ms","0","true","false","100","true","10 seconds","true","false","false","true","false","false","5 min","true","true","false","false","true","true","true","true","true","false","true","5 min","10 s","true","1","0","3","524288","10","false","10 min","true","10","true","4","10","10","true","95","5 s","false","1","false","500 ms","1048576","true","0","false","2048","100","10000000","10485760","0","500 ms","0 ns","0","16777216","8192","false","0","3","0","false","false","true","false","1048576","0","60","0","128","128","false","1","52428800","10 min","3","false","true","1 min","","1440","10","25","true","true","16","10","16","512000","false","false","null","false","0"," -Dfile.encoding=UTF-8","1908932608","134217728","Oracle Corporation","1.8.0_131","6.4.25","x86_64","8","Mac OS X","10.13.6"
2019-03-28 18:45:09.647 UTC,"OFF","INFO","0","20000000","3","false","0","false","false","0","5","20","5","1000","false","false","3","2","true","false","","false","false","500 ms","8192","0","2","5","5","50","0","5","10","true","1","true","0","false","3","500 ms","5 s","false","0","1 ms","0","true","false","100","true","10 seconds","true","false","false","true","false","false","5 min","true","true","false","false","true","true","true","true","true","false","true","5 min","10 s","true","1","0","3","524288","10","false","10 min","true","10","true","4","10","10","true","95","5 s","false","1","false","500 ms","1048576","true","0","false","2048","100","10000000","10485760","0","500 ms","0 ns","0","16777216","8192","false","0","3","0","false","false","true","false","1048576","0","60","0","128","128","false","1","52428800","10 min","3","false","true","1 min","","1440","10","25","true","true","16","10","16","512000","false","false","null","false","0"," -agentlib:jdwp=transport=dt_socket,address=127.0.0.1:50853,suspend=y,server=n -Dfile.encoding=UTF-8","1908932608","134217728","Oracle Corporation","1.8.0_131","6.4.25","x86_64","8","Mac OS X","10.13.6"
2019-03-28 18:46:14.845 UTC,"OFF","INFO","0","20000000","3","false","0","false","false","0","5","20","5","1000","false","false","3","2","true","false","","false","false","500 ms","8192","0","2","5","5","50","0","5","10","true","1","true","0","false","3","500 ms","5 s","false","0","1 ms","0","true","false","100","true","10 seconds","true","false","false","true","false","false","5 min","true","true","false","false","true","true","true","true","true","false","true","5 min","10 s","true","1","0","3","524288","10","false","10 min","true","10","true","4","10","10","true","95","5 s","false","1","false","500 ms","1048576","true","0","false","2048","100","10000000","10485760","0","500 ms","0 ns","0","16777216","8192","false","0","3","0","false","false","true","false","1048576","0","60","0","128","128","false","1","52428800","10 min","3","false","true","1 min","","1440","10","25","true","true","16","10","16","512000","false","false","null","false","0"," -agentlib:jdwp=transport=dt_socket,address=127.0.0.1:50885,suspend=y,server=n -Dfile.encoding=UTF-8","1908932608","134217728","Oracle Corporation","1.8.0_131","6.4.25","x86_64","8","Mac OS X","10.13.6"
2019-04-01 17:04:35.707 UTC,"OFF","INFO","0","20000000","3","false","0","false","false","0","5","20","5","1000","false","false","3","2","true","false","","false","false","500 ms","8192","0","2","5","5","50","0","5","10","true","1","true","0","false","3","500 ms","5 s","false","0","1 ms","0","true","false","100","true","10 seconds","true","false","false","true","false","false","5 min","true","true","false","false","true","true","true","true","true","false","true","5 min","10 s","true","1","0","3","524288","10","false","10 min","true","10","true","4","10","10","true","95","5 s","false","1","false","500 ms","1048576","true","0","false","2048","100","10000000","10485760","0","500 ms","0 ns","0","16777216","8192","false","0","3","0","false","false","true","false","1048576","0","60","0","128","128","false","1","52428800","10 min","3","false","true","1 min","","1440","10","25","true","true","16","10","16","512000","false","false","null","false","0"," -Dfile.encoding=UTF-8","1908932608","134217728","Oracle Corporation","1.8.0_131","6.4.25","x86_64","8","Mac OS X","10.13.6"
2019-04-01 17:05:26.639 UTC,"OFF","INFO","0","20000000","3","false","0","false","false","0","5","20","5","1000","false","false","3","2","true","false","","false","false","500 ms","8192","0","2","5","5","50","0","5","10","true","1","true","0","false","3","500 ms","5 s","false","0","1 ms","0","true","false","100","true","10 seconds","true","false","false","true","false","false","5 min","true","true","false","false","true","true","true","true","true","false","true","5 min","10 s","true","1","0","3","524288","10","false","10 min","true","10","true","4","10","10","true","95","5 s","false","1","false","500 ms","1048576","true","0","false","2048","100","10000000","10485760","0","500 ms","0 ns","0","16777216","8192","false","0","3","0","false","false","true","false","1048576","0","60","0","128","128","false","1","52428800","10 min","3","false","true","1 min","","1440","10","25","true","true","16","10","16","512000","false","false","null","false","0"," -agentlib:jdwp=transport=dt_socket,address=127.0.0.1:63412,suspend=y,server=n -Dfile.encoding=UTF-8","1908932608","134217728","Oracle Corporation","1.8.0_131","6.4.25","x86_64","8","Mac OS X","10.13.6"
2019-04-02 02:31:07.787 UTC,"OFF","INFO","0","20000000","3","false","0","false","false","0","5","20","5","1000","false","false","3","2","true","false","","false","false","500 ms","8192","0","2","5","5","50","0","5","10","true","1","true","0","false","3","500 ms","5 s","false","0","1 ms","0","true","false","100","true","10 seconds","true","false","false","true","false","false","5 min","true","true","false","false","true","true","true","true","true","false","true","5 min","10 s","true","1","0","3","524288","10","false","10 min","true","10","true","4","10","10","true","95","5 s","false","1","false","500 ms","1048576","true","0","false","2048","100","10000000","10485760","0","500 ms","0 ns","0","16777216","8192","false","0","3","0","false","false","true","false","1048576","0","60","0","128","128","false","1","52428800","10 min","3","false","true","1 min","","1440","10","25","true","true","16","10","16","512000","false","false","null","false","0"," -agentlib:jdwp=transport=dt_socket,address=127.0.0.1:64038,suspend=y,server=n -Dfile.encoding=UTF-8","1908932608","134217728","Oracle Corporation","1.8.0_131","6.4.25","x86_64","8","Mac OS X","10.13.6"
2019-04-04 22:08:32.923 UTC,"OFF","INFO","0","20000000","3","false","0","false","false","0","5","20","5","1000","false","false","3","2","true","false","","false","false","500 ms","8192","0","2","5","5","50","0","5","10","true","1","true","0","false","3","500 ms","5 s","false","0","1 ms","0","true","false","100","true","10 seconds","true","false","false","true","false","false","5 min","true","true","false","false","true","true","true","true","true","false","true","5 min","10 s","true","1","0","3","524288","10","false","10 min","true","10","true","4","10","10","true","95","5 s","false","1","false","500 ms","1048576","true","0","false","2048","100","10000000","10485760","0","500 ms","0 ns","0","16777216","8192","false","0","3","0","false","false","true","false","1048576","0","60","0","128","128","false","1","52428800","10 min","3","false","true","1 min","","1440","10","25","true","true","16","10","16","512000","false","false","null","false","0"," -Dfile.encoding=UTF-8","1908932608","134217728","Oracle Corporation","1.8.0_131","6.4.25","x86_64","8","Mac OS X","10.13.6"
2019-04-04 22:09:28.897 UTC,"OFF","INFO","0","20000000","3","false","0","false","false","0","5","20","5","1000","false","false","3","2","true","false","","false","false","500 ms","8192","0","2","5","5","50","0","5","10","true","1","true","0","false","3","500 ms","5 s","false","0","1 ms","0","true","false","100","true","10 seconds","true","false","false","true","false","false","5 min","true","true","false","false","true","true","true","true","true","false","true","5 min","10 s","true","1","0","3","524288","10","false","10 min","true","10","true","4","10","10","true","95","5 s","false","1","false","500 ms","1048576","true","0","false","2048","100","10000000","10485760","0","500 ms","0 ns","0","16777216","8192","false","0","3","0","false","false","true","false","1048576","0","60","0","128","128","false","1","52428800","10 min","3","false","true","1 min","","1440","10","25","true","true","16","10","16","512000","false","false","null","false","0"," -agentlib:jdwp=transport=dt_socket,address=127.0.0.1:63216,suspend=y,server=n -Dfile.encoding=UTF-8","1908932608","134217728","Oracle Corporation","1.8.0_131","6.4.25","x86_64","8","Mac OS X","10.13.6"
2019-04-05 19:05:11.302 UTC,"OFF","INFO","0","20000000","3","false","0","false","false","0","5","20","5","1000","false","false","3","2","true","false","","false","false","500 ms","8192","0","2","5","5","50","0","5","10","true","1","true","0","false","3","500 ms","5 s","false","0","1 ms","0","true","false","100","true","10 seconds","true","false","false","true","false","false","5 min","true","true","false","false","true","true","true","true","true","false","true","5 min","10 s","true","1","0","3","524288","10","false","10 min","true","10","true","4","10","10","true","95","5 s","false","1","false","500 ms","1048576","true","0","false","2048","100","10000000","10485760","0","500 ms","0 ns","0","16777216","8192","false","0","3","0","false","false","true","false","1048576","0","60","0","128","128","false","1","52428800","10 min","3","false","true","1 min","","1440","10","25","true","true","16","10","16","512000","false","false","null","false","0"," -agentlib:jdwp=transport=dt_socket,address=127.0.0.1:64493,suspend=y,server=n -Dfile.encoding=UTF-8","1908932608","134217728","Oracle Corporation","1.8.0_131","6.4.25","x86_64","8","Mac OS X","10.13.6"
2019-04-05 19:58:13.820 UTC,"OFF","INFO","0","20000000","3","false","0","false","false","0","5","20","5","1000","false","false","3","2","true","false","","false","false","500 ms","8192","0","2","5","5","50","0","5","10","true","1","true","0","false","3","500 ms","5 s","false","0","1 ms","0","true","false","100","true","10 seconds","true","false","false","true","false","false","5 min","true","true","false","false","true","true","true","true","true","false","true","5 min","10 s","true","1","0","3","524288","10","false","10 min","true","10","true","4","10","10","true","95","5 s","false","1","false","500 ms","1048576","true","0","false","2048","100","10000000","10485760","0","500 ms","0 ns","0","16777216","8192","false","0","3","0","false","false","true","false","1048576","0","60","0","128","128","false","1","52428800","10 min","3","false","true","1 min","","1440","10","25","true","true","16","10","16","512000","false","false","null","false","0"," -Dfile.encoding=UTF-8","1908932608","134217728","Oracle Corporation","1.8.0_131","6.4.25","x86_64","8","Mac OS X","10.13.6"
2019-04-05 19:59:41.377 UTC,"OFF","INFO","0","20000000","3","false","0","false","false","0","5","20","5","1000","false","false","3","2","true","false","","false","false","500 ms","8192","0","2","5","5","50","0","5","10","true","1","true","0","false","3","500 ms","5 s","false","0","1 ms","0","true","false","100","true","10 seconds","true","false","false","true","false","false","5 min","true","true","false","false","true","true","true","true","true","false","true","5 min","10 s","true","1","0","3","524288","10","false","10 min","true","10","true","4","10","10","true","95","5 s","false","1","false","500 ms","1048576","true","0","false","2048","100","10000000","10485760","0","500 ms","0 ns","0","16777216","8192","false","0","3","0","false","false","true","false","1048576","0","60","0","128","128","false","1","52428800","10 min","3","false","true","1 min","","1440","10","25","true","true","16","10","16","512000","false","false","null","false","0"," -agentlib:jdwp=transport=dt_socket,address=127.0.0.1:51884,suspend=y,server=n -Dfile.encoding=UTF-8","1908932608","134217728","Oracle Corporation","1.8.0_131","6.4.25","x86_64","8","Mac OS X","10.13.6"
2019-04-05 20:10:49.069 UTC,"OFF","INFO","0","20000000","3","false","0","false","false","0","5","20","5","1000","false","false","3","2","true","false","","false","false","500 ms","8192","0","2","5","5","50","0","5","10","true","1","true","0","false","3","500 ms","5 s","false","0","1 ms","0","true","false","100","true","10 seconds","true","false","false","true","false","false","5 min","true","true","false","false","true","true","true","true","true","false","true","5 min","10 s","true","1","0","3","524288","10","false","10 min","true","10","true","4","10","10","true","95","5 s","false","1","false","500 ms","1048576","true","0","false","2048","100","10000000","10485760","0","500 ms","0 ns","0","16777216","8192","false","0","3","0","false","false","true","false","1048576","0","60","0","128","128","false","1","52428800","10 min","3","false","true","1 min","","1440","10","25","true","true","16","10","16","512000","false","false","null","false","0"," -agentlib:jdwp=transport=dt_socket,address=127.0.0.1:57660,suspend=y,server=n -Dfile.encoding=UTF-8","1908932608","134217728","Oracle Corporation","1.8.0_131","6.4.25","x86_64","8","Mac OS X","10.13.6"
2019-04-05 20:19:04.850 UTC,"OFF","INFO","0","20000000","3","false","0","false","false","0","5","20","5","1000","false","false","3","2","true","false","","false","false","500 ms","8192","0","2","5","5","50","0","5","10","true","1","true","0","false","3","500 ms","5 s","false","0","1 ms","0","true","false","100","true","10 seconds","true","false","false","true","false","false","5 min","true","true","false","false","true","true","true","true","true","false","true","5 min","10 s","true","1","0","3","524288","10","false","10 min","true","10","true","4","10","10","true","95","5 s","false","1","false","500 ms","1048576","true","0","false","2048","100","10000000","10485760","0","500 ms","0 ns","0","16777216","8192","false","0","3","0","false","false","true","false","1048576","0","60","0","128","128","false","1","52428800","10 min","3","false","true","1 min","","1440","10","25","true","true","16","10","16","512000","false","false","null","false","0"," -agentlib:jdwp=transport=dt_socket,address=127.0.0.1:63328,suspend=y,server=n -Dfile.encoding=UTF-8","1908932608","134217728","Oracle Corporation","1.8.0_131","6.4.25","x86_64","8","Mac OS X","10.13.6"
2019-04-05 20:19:45.522 UTC,"OFF","INFO","0","20000000","3","false","0","false","false","0","5","20","5","1000","false","false","3","2","true","false","","false","false","500 ms","8192","0","2","5","5","50","0","5","10","true","1","true","0","false","3","500 ms","5 s","false","0","1 ms","0","true","false","100","true","10 seconds","true","false","false","true","false","false","5 min","true","true","false","false","true","true","true","true","true","false","true","5 min","10 s","true","1","0","3","524288","10","false","10 min","true","10","true","4","10","10","true","95","5 s","false","1","false","500 ms","1048576","true","0","false","2048","100","10000000","10485760","0","500 ms","0 ns","0","16777216","8192","false","0","3","0","false","false","true","false","1048576","0","60","0","128","128","false","1","52428800","10 min","3","false","true","1 min","","1440","10","25","true","true","16","10","16","512000","false","false","null","false","0"," -agentlib:jdwp=transport=dt_socket,address=127.0.0.1:51727,suspend=y,server=n -Dfile.encoding=UTF-8","1908932608","134217728","Oracle Corporation","1.8.0_131","6.4.25","x86_64","8","Mac OS X","10.13.6"
2019-04-05 20:21:20.515 UTC,"OFF","INFO","0","20000000","3","false","0","false","false","0","5","20","5","1000","false","false","3","2","true","false","","false","false","500 ms","8192","0","2","5","5","50","0","5","10","true","1","true","0","false","3","500 ms","5 s","false","0","1 ms","0","true","false","100","true","10 seconds","true","false","false","true","false","false","5 min","true","true","false","false","true","true","true","true","true","false","true","5 min","10 s","true","1","0","3","524288","10","false","10 min","true","10","true","4","10","10","true","95","5 s","false","1","false","500 ms","1048576","true","0","false","2048","100","10000000","10485760","0","500 ms","0 ns","0","16777216","8192","false","0","3","0","false","false","true","false","1048576","0","60","0","128","128","false","1","52428800","10 min","3","false","true","1 min","","1440","10","25","true","true","16","10","16","512000","false","false","null","false","0"," -agentlib:jdwp=transport=dt_socket,address=127.0.0.1:56747,suspend=y,server=n -Dfile.encoding=UTF-8","1908932608","134217728","Oracle Corporation","1.8.0_131","6.4.25","x86_64","8","Mac OS X","10.13.6"
2019-04-05 20:25:59.820 UTC,"OFF","INFO","0","20000000","3","false","0","false","false","0","5","20","5","1000","false","false","3","2","true","false","","false","false","500 ms","8192","0","2","5","5","50","0","5","10","true","1","true","0","false","3","500 ms","5 s","false","0","1 ms","0","true","false","100","true","10 seconds","true","false","false","true","false","false","5 min","true","true","false","false","true","true","true","true","true","false","true","5 min","10 s","true","1","0","3","524288","10","false","10 min","true","10","true","4","10","10","true","95","5 s","false","1","false","500 ms","1048576","true","0","false","2048","100","10000000","10485760","0","500 ms","0 ns","0","16777216","8192","false","0","3","0","false","false","true","false","1048576","0","60","0","128","128","false","1","52428800","10 min","3","false","true","1 min","","1440","10","25","true","true","16","10","16","512000","false","false","null","false","0"," -agentlib:jdwp=transport=dt_socket,address=127.0.0.1:60185,suspend=y,server=n -Dfile.encoding=UTF-8","1908932608","134217728","Oracle Corporation","1.8.0_131","6.4.25","x86_64","8","Mac OS X","10.13.6"
2019-04-05 20:26:36.342 UTC,"OFF","INFO","0","20000000","3","false","0","false","false","0","5","20","5","1000","false","false","3","2","true","false","","false","false","500 ms","8192","0","2","5","5","50","0","5","10","true","1","true","0","false","3","500 ms","5 s","false","0","1 ms","0","true","false","100","true","10 seconds","true","false","false","true","false","false","5 min","true","true","false","false","true","true","true","true","true","false","true","5 min","10 s","true","1","0","3","524288","10","false","10 min","true","10","true","4","10","10","true","95","5 s","false","1","false","500 ms","1048576","true","0","false","2048","100","10000000","10485760","0","500 ms","0 ns","0","16777216","8192","false","0","3","0","false","false","true","false","1048576","0","60","0","128","128","false","1","52428800","10 min","3","false","true","1 min","","1440","10","25","true","true","16","10","16","512000","false","false","null","false","0"," -agentlib:jdwp=transport=dt_socket,address=127.0.0.1:64471,suspend=y,server=n -Dfile.encoding=UTF-8","1908932608","134217728","Oracle Corporation","1.8.0_131","6.4.25","x86_64","8","Mac OS X","10.13.6"
2019-04-05 20:27:07.056 UTC,"OFF","INFO","0","20000000","3","false","0","false","false","0","5","20","5","1000","false","false","3","2","true","false","","false","false","500 ms","8192","0","2","5","5","50","0","5","10","true","1","true","0","false","3","500 ms","5 s","false","0","1 ms","0","true","false","100","true","10 seconds","true","false","false","true","false","false","5 min","true","true","false","false","true","true","true","true","true","false","true","5 min","10 s","true","1","0","3","524288","10","false","10 min","true","10","true","4","10","10","true","95","5 s","false","1","false","500 ms","1048576","true","0","false","2048","100","10000000","10485760","0","500 ms","0 ns","0","16777216","8192","false","0","3","0","false","false","true","false","1048576","0","60","0","128","128","false","1","52428800","10 min","3","false","true","1 min","","1440","10","25","true","true","16","10","16","512000","false","false","null","false","0"," -Dfile.encoding=UTF-8","1908932608","134217728","Oracle Corporation","1.8.0_131","6.4.25","x86_64","8","Mac OS X","10.13.6"
2019-04-05 20:29:50.375 UTC,"OFF","INFO","0","20000000","3","false","0","false","false","0","5","20","5","1000","false","false","3","2","true","false","","false","false","500 ms","8192","0","2","5","5","50","0","5","10","true","1","true","0","false","3","500 ms","5 s","false","0","1 ms","0","true","false","100","true","10 seconds","true","false","false","true","false","false","5 min","true","true","false","false","true","true","true","true","true","false","true","5 min","10 s","true","1","0","3","524288","10","false","10 min","true","10","true","4","10","10","true","95","5 s","false","1","false","500 ms","1048576","true","0","false","2048","100","10000000","10485760","0","500 ms","0 ns","0","16777216","8192","false","0","3","0","false","false","true","false","1048576","0","60","0","128","128","false","1","52428800","10 min","3","false","true","1 min","","1440","10","25","true","true","16","10","16","512000","false","false","null","false","0"," -agentlib:jdwp=transport=dt_socket,address=127.0.0.1:53918,suspend=y,server=n -Dfile.encoding=UTF-8","1908932608","134217728","Oracle Corporation","1.8.0_131","6.4.25","x86_64","8","Mac OS X","10.13.6"
2019-04-05 20:42:31.357 UTC,"OFF","INFO","0","20000000","3","false","0","false","false","0","5","20","5","1000","false","false","3","2","true","false","","false","false","500 ms","8192","0","2","5","5","50","0","5","10","true","1","true","0","false","3","500 ms","5 s","false","0","1 ms","0","true","false","100","true","10 seconds","true","false","false","true","false","false","5 min","true","true","false","false","true","true","true","true","true","false","true","5 min","10 s","true","1","0","3","524288","10","false","10 min","true","10","true","4","10","10","true","95","5 s","false","1","false","500 ms","1048576","true","0","false","2048","100","10000000","10485760","0","500 ms","0 ns","0","16777216","8192","false","0","3","0","false","false","true","false","1048576","0","60","0","128","128","false","1","52428800","10 min","3","false","true","1 min","","1440","10","25","true","true","16","10","16","512000","false","false","null","false","0"," -Dfile.encoding=UTF-8","1908932608","134217728","Oracle Corporation","1.8.0_131","6.4.25","x86_64","8","Mac OS X","10.13.6"
2019-04-05 20:42:57.384 UTC,"OFF","INFO","0","20000000","3","false","0","false","false","0","5","20","5","1000","false","false","3","2","true","false","","false","false","500 ms","8192","0","2","5","5","50","0","5","10","true","1","true","0","false","3","500 ms","5 s","false","0","1 ms","0","true","false","100","true","10 seconds","true","false","false","true","false","false","5 min","true","true","false","false","true","true","true","true","true","false","true","5 min","10 s","true","1","0","3","524288","10","false","10 min","true","10","true","4","10","10","true","95","5 s","false","1","false","500 ms","1048576","true","0","false","2048","100","10000000","10485760","0","500 ms","0 ns","0","16777216","8192","false","0","3","0","false","false","true","false","1048576","0","60","0","128","128","false","1","52428800","10 min","3","false","true","1 min","","1440","10","25","true","true","16","10","16","512000","false","false","null","false","0"," -agentlib:jdwp=transport=dt_socket,address=127.0.0.1:59179,suspend=y,server=n -Dfile.encoding=UTF-8","1908932608","134217728","Oracle Corporation","1.8.0_131","6.4.25","x86_64","8","Mac OS X","10.13.6"
2019-04-05 20:46:07.762 UTC,"OFF","INFO","0","20000000","3","false","0","false","false","0","5","20","5","1000","false","false","3","2","true","false","","false","false","500 ms","8192","0","2","5","5","50","0","5","10","true","1","true","0","false","3","500 ms","5 s","false","0","1 ms","0","true","false","100","true","10 seconds","true","false","false","true","false","false","5 min","true","true","false","false","true","true","true","true","true","false","true","5 min","10 s","true","1","0","3","524288","10","false","10 min","true","10","true","4","10","10","true","95","5 s","false","1","false","500 ms","1048576","true","0","false","2048","100","10000000","10485760","0","500 ms","0 ns","0","16777216","8192","false","0","3","0","false","false","true","false","1048576","0","60","0","128","128","false","1","52428800","10 min","3","false","true","1 min","","1440","10","25","true","true","16","10","16","512000","false","false","null","false","0"," -agentlib:jdwp=transport=dt_socket,address=127.0.0.1:61821,suspend=y,server=n -Dfile.encoding=UTF-8","1908932608","134217728","Oracle Corporation","1.8.0_131","6.4.25","x86_64","8","Mac OS X","10.13.6"
2019-04-05 20:47:55.847 UTC,"OFF","INFO","0","20000000","3","false","0","false","false","0","5","20","5","1000","false","false","3","2","true","false","","false","false","500 ms","8192","0","2","5","5","50","0","5","10","true","1","true","0","false","3","500 ms","5 s","false","0","1 ms","0","true","false","100","true","10 seconds","true","false","false","true","false","false","5 min","true","true","false","false","true","true","true","true","true","false","true","5 min","10 s","true","1","0","3","524288","10","false","10 min","true","10","true","4","10","10","true","95","5 s","false","1","false","500 ms","1048576","true","0","false","2048","100","10000000","10485760","0","500 ms","0 ns","0","16777216","8192","false","0","3","0","false","false","true","false","1048576","0","60","0","128","128","false","1","52428800","10 min","3","false","true","1 min","","1440","10","25","true","true","16","10","16","512000","false","false","null","false","0"," -agentlib:jdwp=transport=dt_socket,address=127.0.0.1:63827,suspend=y,server=n -Dfile.encoding=UTF-8","1908932608","134217728","Oracle Corporation","1.8.0_131","6.4.25","x86_64","8","Mac OS X","10.13.6"
2019-04-05 20:48:19.942 UTC,"OFF","INFO","0","20000000","3","false","0","false","false","0","5","20","5","1000","false","false","3","2","true","false","","false","false","500 ms","8192","0","2","5","5","50","0","5","10","true","1","true","0","false","3","500 ms","5 s","false","0","1 ms","0","true","false","100","true","10 seconds","true","false","false","true","false","false","5 min","true","true","false","false","true","true","true","true","true","false","true","5 min","10 s","true","1","0","3","524288","10","false","10 min","true","10","true","4","10","10","true","95","5 s","false","1","false","500 ms","1048576","true","0","false","2048","100","10000000","10485760","0","500 ms","0 ns","0","16777216","8192","false","0","3","0","false","false","true","false","1048576","0","60","0","128","128","false","1","52428800","10 min","3","false","true","1 min","","1440","10","25","true","true","16","10","16","512000","false","false","null","false","0"," -agentlib:jdwp=transport=dt_socket,address=127.0.0.1:49963,suspend=y,server=n -Dfile.encoding=UTF-8","1908932608","134217728","Oracle Corporation","1.8.0_131","6.4.25","x86_64","8","Mac OS X","10.13.6"
2019-04-05 21:02:44.213 UTC,"OFF","INFO","0","20000000","3","false","0","false","false","0","5","20","5","1000","false","false","3","2","true","false","","false","false","500 ms","8192","0","2","5","5","50","0","5","10","true","1","true","0","false","3","500 ms","5 s","false","0","1 ms","0","true","false","100","true","10 seconds","true","false","false","true","false","false","5 min","true","true","false","false","true","true","true","true","true","false","true","5 min","10 s","true","1","0","3","524288","10","false","10 min","true","10","true","4","10","10","true","95","5 s","false","1","false","500 ms","1048576","true","0","false","2048","100","10000000","10485760","0","500 ms","0 ns","0","16777216","8192","false","0","3","0","false","false","true","false","1048576","0","60","0","128","128","false","1","52428800","10 min","3","false","true","1 min","","1440","10","25","true","true","16","10","16","512000","false","false","null","false","0"," -Dfile.encoding=UTF-8","1908932608","134217728","Oracle Corporation","1.8.0_131","6.4.25","x86_64","8","Mac OS X","10.13.6"
2019-04-10 19:33:49.298 UTC,"OFF","INFO","0","20000000","3","false","0","false","false","0","5","20","5","1000","false","false","3","2","true","false","","false","false","500 ms","8192","0","2","5","5","50","0","5","10","true","1","true","0","false","3","500 ms","5 s","false","0","1 ms","0","true","false","100","true","10 seconds","true","false","false","true","false","false","5 min","true","true","false","false","true","true","true","true","true","false","true","5 min","10 s","true","1","0","3","524288","10","false","10 min","true","10","true","4","10","10","true","95","5 s","false","1","false","500 ms","1048576","true","0","false","2048","100","10000000","10485760","0","500 ms","0 ns","0","16777216","8192","false","0","3","0","false","false","true","false","1048576","0","60","0","128","128","false","1","52428800","10 min","3","false","true","1 min","","1440","10","25","true","true","16","10","16","512000","false","false","null","false","0"," -agentlib:jdwp=transport=dt_socket,address=127.0.0.1:57351,suspend=y,server=n -Dfile.encoding=UTF-8","1908932608","134217728","Oracle Corporation","1.8.0_131","6.4.25","x86_64","8","Mac OS X","10.13.6"
2019-04-10 19:36:55.751 UTC,"OFF","INFO","0","20000000","3","false","0","false","false","0","5","20","5","1000","false","false","3","2","true","false","","false","false","500 ms","8192","0","2","5","5","50","0","5","10","true","1","true","0","false","3","500 ms","5 s","false","0","1 ms","0","true","false","100","true","10 seconds","true","false","false","true","false","false","5 min","true","true","false","false","true","true","true","true","true","false","true","5 min","10 s","true","1","0","3","524288","10","false","10 min","true","10","true","4","10","10","true","95","5 s","false","1","false","500 ms","1048576","true","0","false","2048","100","10000000","10485760","0","500 ms","0 ns","0","16777216","8192","false","0","3","0","false","false","true","false","1048576","0","60","0","128","128","false","1","52428800","10 min","3","false","true","1 min","","1440","10","25","true","true","16","10","16","512000","false","false","null","false","0"," -Dfile.encoding=UTF-8","1908932608","134217728","Oracle Corporation","1.8.0_131","6.4.25","x86_64","8","Mac OS X","10.13.6"
2019-04-10 19:40:03.511 UTC,"OFF","INFO","0","20000000","3","false","0","false","false","0","5","20","5","1000","false","false","3","2","true","false","","false","false","500 ms","8192","0","2","5","5","50","0","5","10","true","1","true","0","false","3","500 ms","5 s","false","0","1 ms","0","true","false","100","true","10 seconds","true","false","false","true","false","false","5 min","true","true","false","false","true","true","true","true","true","false","true","5 min","10 s","true","1","0","3","524288","10","false","10 min","true","10","true","4","10","10","true","95","5 s","false","1","false","500 ms","1048576","true","0","false","2048","100","10000000","10485760","0","500 ms","0 ns","0","16777216","8192","false","0","3","0","false","false","true","false","1048576","0","60","0","128","128","false","1","52428800","10 min","3","false","true","1 min","","1440","10","25","true","true","16","10","16","512000","false","false","null","false","0"," -agentlib:jdwp=transport=dt_socket,address=127.0.0.1:49463,suspend=y,server=n -Dfile.encoding=UTF-8","1908932608","134217728","Oracle Corporation","1.8.0_131","6.4.25","x86_64","8","Mac OS X","10.13.6"
2019-04-10 19:41:19.723 UTC,"OFF","INFO","0","20000000","3","false","0","false","false","0","5","20","5","1000","false","false","3","2","true","false","","false","false","500 ms","8192","0","2","5","5","50","0","5","10","true","1","true","0","false","3","500 ms","5 s","false","0","1 ms","0","true","false","100","true","10 seconds","true","false","false","true","false","false","5 min","true","true","false","false","true","true","true","true","true","false","true","5 min","10 s","true","1","0","3","524288","10","false","10 min","true","10","true","4","10","10","true","95","5 s","false","1","false","500 ms","1048576","true","0","false","2048","100","10000000","10485760","0","500 ms","0 ns","0","16777216","8192","false","0","3","0","false","false","true","false","1048576","0","60","0","128","128","false","1","52428800","10 min","3","false","true","1 min","","1440","10","25","true","true","16","10","16","512000","false","false","null","false","0"," -agentlib:jdwp=transport=dt_socket,address=127.0.0.1:54850,suspend=y,server=n -Dfile.encoding=UTF-8","1908932608","134217728","Oracle Corporation","1.8.0_131","6.4.25","x86_64","8","Mac OS X","10.13.6"
2019-04-10 19:42:51.487 UTC,"OFF","INFO","0","20000000","3","false","0","false","false","0","5","20","5","1000","false","false","3","2","true","false","","false","false","500 ms","8192","0","2","5","5","50","0","5","10","true","1","true","0","false","3","500 ms","5 s","false","0","1 ms","0","true","false","100","true","10 seconds","true","false","false","true","false","false","5 min","true","true","false","false","true","true","true","true","true","false","true","5 min","10 s","true","1","0","3","524288","10","false","10 min","true","10","true","4","10","10","true","95","5 s","false","1","false","500 ms","1048576","true","0","false","2048","100","10000000","10485760","0","500 ms","0 ns","0","16777216","8192","false","0","3","0","false","false","true","false","1048576","0","60","0","128","128","false","1","52428800","10 min","3","false","true","1 min","","1440","10","25","true","true","16","10","16","512000","false","false","null","false","0"," -agentlib:jdwp=transport=dt_socket,address=127.0.0.1:56798,suspend=y,server=n -Dfile.encoding=UTF-8","1908932608","134217728","Oracle Corporation","1.8.0_131","6.4.25","x86_64","8","Mac OS X","10.13.6"
2019-04-10 19:44:08.103 UTC,"OFF","INFO","0","20000000","3","false","0","false","false","0","5","20","5","1000","false","false","3","2","true","false","","false","false","500 ms","8192","0","2","5","5","50","0","5","10","true","1","true","0","false","3","500 ms","5 s","false","0","1 ms","0","true","false","100","true","10 seconds","true","false","false","true","false","false","5 min","true","true","false","false","true","true","true","true","true","false","true","5 min","10 s","true","1","0","3","524288","10","false","10 min","true","10","true","4","10","10","true","95","5 s","false","1","false","500 ms","1048576","true","0","false","2048","100","10000000","10485760","0","500 ms","0 ns","0","16777216","8192","false","0","3","0","false","false","true","false","1048576","0","60","0","128","128","false","1","52428800","10 min","3","false","true","1 min","","1440","10","25","true","true","16","10","16","512000","false","false","null","false","0"," -agentlib:jdwp=transport=dt_socket,address=127.0.0.1:49998,suspend=y,server=n -Dfile.encoding=UTF-8","1908932608","134217728","Oracle Corporation","1.8.0_131","6.4.25","x86_64","8","Mac OS X","10.13.6"
